#id,oligomer,mass,charge,dt
transthyretin,4,56000.0,14,19.37001795862448
transthyretin,4,56000.0,15,17.295605147309075
